"filename", "language", "C++", "C", "Markdown", "comment", "blank", "total"
"/Users/ryllis/Code/alg/C1/C1-E-题解-24371512-杨睿涵.md", "Markdown", 0, 0, 212, 0, 42, 254
"/Users/ryllis/Code/alg/C1/E_Solution.md", "Markdown", 0, 0, 6, 0, 1, 7
"/Users/ryllis/Code/alg/C1/Gtest.cpp", "C++", 51, 0, 0, 9, 6, 66
"/Users/ryllis/Code/alg/C1/P1.cpp", "C++", 6, 0, 0, 0, 2, 8
"/Users/ryllis/Code/alg/C1/P2.cpp", "C++", 39, 0, 0, 0, 2, 41
"/Users/ryllis/Code/alg/C1/P3.cpp", "C++", 19, 0, 0, 0, 2, 21
"/Users/ryllis/Code/alg/C1/P3draft.cpp", "C++", 25, 0, 0, 0, 8, 33
"/Users/ryllis/Code/alg/C1/P4.cpp", "C++", 39, 0, 0, 3, 8, 50
"/Users/ryllis/Code/alg/C1/P5.c", "C", 0, 80, 0, 6, 13, 99
"/Users/ryllis/Code/alg/C1/P6.cpp", "C++", 48, 0, 0, 2, 12, 62
"/Users/ryllis/Code/alg/C1/P7.cpp", "C++", 51, 0, 0, 5, 12, 68
"/Users/ryllis/Code/alg/C1/P7_0.cpp", "C++", 59, 0, 0, 1, 16, 76
"/Users/ryllis/Code/alg/C1/P7test.cpp", "C++", 49, 0, 0, 9, 7, 65
"/Users/ryllis/Code/alg/C1/P8.cpp", "C++", 25, 0, 0, 5, 8, 38
"/Users/ryllis/Code/alg/C1/P9.cpp", "C++", 39, 0, 0, 2, 6, 47
"/Users/ryllis/Code/alg/C1/P9draft.cpp", "C++", 49, 0, 0, 5, 10, 64
"/Users/ryllis/Code/alg/C1/etest.c", "C", 0, 96, 0, 16, 12, 124
"/Users/ryllis/Code/alg/C1/test.c", "C", 0, 0, 0, 0, 1, 1
"/Users/ryllis/Code/alg/C2/A.cpp", "C++", 16, 0, 0, 0, 5, 21
"/Users/ryllis/Code/alg/C2/B.cpp", "C++", 26, 0, 0, 0, 4, 30
"/Users/ryllis/Code/alg/C2/C.cpp", "C++", 44, 0, 0, 0, 9, 53
"/Users/ryllis/Code/alg/C2/C2-F-题解-24371512-杨睿涵.md", "Markdown", 0, 0, 82, 0, 25, 107
"/Users/ryllis/Code/alg/C2/C2-G-题解-24371512-杨睿涵.md", "Markdown", 0, 0, 68, 0, 28, 96
"/Users/ryllis/Code/alg/C2/Ctest.cpp", "C++", 49, 0, 0, 0, 2, 51
"/Users/ryllis/Code/alg/C2/D.cpp", "C++", 38, 0, 0, 0, 5, 43
"/Users/ryllis/Code/alg/C2/Dtest.cpp", "C++", 40, 0, 0, 0, 1, 41
"/Users/ryllis/Code/alg/C2/E.cpp", "C++", 40, 0, 0, 0, 9, 49
"/Users/ryllis/Code/alg/C2/Etest.cpp", "C++", 33, 0, 0, 3, 7, 43
"/Users/ryllis/Code/alg/C2/F.cpp", "C++", 48, 0, 0, 2, 7, 57
"/Users/ryllis/Code/alg/C2/G.cpp", "C++", 32, 0, 0, 1, 9, 42
"/Users/ryllis/Code/alg/C2/H.cpp", "C++", 0, 0, 0, 0, 1, 1
"/Users/ryllis/Code/alg/C2/I.cpp", "C++", 0, 0, 0, 0, 1, 1
"/Users/ryllis/Code/alg/C2/J.cpp", "C++", 0, 0, 0, 0, 1, 1
"/Users/ryllis/Code/alg/C3/A.cpp", "C++", 23, 0, 0, 0, 5, 28
"/Users/ryllis/Code/alg/C3/B.cpp", "C++", 34, 0, 0, 0, 5, 39
"/Users/ryllis/Code/alg/C3/Bcopy.cpp", "C++", 36, 0, 0, 0, 6, 42
"/Users/ryllis/Code/alg/C3/C.cpp", "C++", 44, 0, 0, 0, 7, 51
"/Users/ryllis/Code/alg/C3/D.cpp", "C++", 30, 0, 0, 0, 5, 35
"/Users/ryllis/Code/alg/C3/E.cpp", "C++", 34, 0, 0, 0, 1, 35
"/Users/ryllis/Code/alg/C3/E2.cpp", "C++", 40, 0, 0, 0, 7, 47
"/Users/ryllis/Code/alg/C3/Ebetter.cpp", "C++", 38, 0, 0, 0, 6, 44
"/Users/ryllis/Code/alg/C3/F.cpp", "C++", 22, 0, 0, 0, 5, 27
"/Users/ryllis/Code/alg/C3/G.cpp", "C++", 55, 0, 0, 1, 15, 71
"/Users/ryllis/Code/alg/guoqing/A.cpp", "C++", 39, 0, 0, 10, 1, 50
"/Users/ryllis/Code/alg/guoqing/Adraft.cpp", "C++", 42, 0, 0, 1, 6, 49
"/Users/ryllis/Code/alg/guoqing/B.cpp", "C++", 16, 0, 0, 0, 2, 18
"/Users/ryllis/Code/alg/guoqing/C.cpp", "C++", 31, 0, 0, 1, 1, 33
"/Users/ryllis/Code/alg/guoqing/Cbetter.cpp", "C++", 39, 0, 0, 0, 7, 46
"/Users/ryllis/Code/alg/guoqing/D.cpp", "C++", 31, 0, 0, 0, 9, 40
"/Users/ryllis/Code/alg/guoqing/E.c", "C", 0, 45, 0, 0, 1, 46
"/Users/ryllis/Code/alg/guoqing/F.cpp", "C++", 52, 0, 0, 1, 5, 58
"/Users/ryllis/Code/alg/guoqing/G.cpp", "C++", 49, 0, 0, 0, 13, 62
"/Users/ryllis/Code/alg/guoqing/H.cpp", "C++", 68, 0, 0, 1, 21, 90
"/Users/ryllis/Code/alg/guoqing/I.c", "C", 0, 72, 0, 0, 1, 73
"/Users/ryllis/Code/alg/guoqing/J.cpp", "C++", 0, 0, 0, 0, 1, 1
"Total", "-", 1588, 293, 368, 84, 412, 2745